Complexity,Loss,Equation
1,1.7191148e10,"287644.47"
3,7.9212435e6,"SquareFootage * 127.77432"
5,0.00022787476,"(SquareFootage + -53.101677) * 130.33015"
